{"stat.chestOpened":1,"stat.pickup.minecraft.bone":17,"stat.useItem.minecraft.stone":10,"stat.pickup.minecraft.gravel":11,"stat.leaveGame":1,"stat.pickup.minecraft.arrow":12,"stat.mineBlock.minecraft.cobblestone":18,"stat.drop.minecraft.gunpowder":7,"stat.pickup.minecraft.flint":2,"stat.pickup.minecraft.stone_axe":1,"stat.drop.minecraft.redstone":4,"stat.killEntity.Blaze":5,"stat.useItem.minecraft.diamond_sword":23,"stat.useItem.minecraft.potion":1,"stat.useItem.minecraft.rotten_flesh":8,"stat.drop.minecraft.iron_pickaxe":1,"stat.useItem.minecraft.mutton":1,"stat.craftItem.minecraft.diamond_sword":1,"stat.swimOneCm":13984,"stat.jump":1663,"stat.pickup.minecraft.coal":24,"stat.pickup.minecraft.cooked_chicken":1,"stat.fallOneCm":39051,"stat.climbOneCm":734,"stat.craftItem.minecraft.shield":1,"stat.pickup.minecraft.iron_ingot":6,"stat.useItem.minecraft.planks":3,"stat.drop.minecraft.stone":1,"stat.drop.minecraft.cobblestone":42,"stat.pickup.minecraft.cooked_porkchop":12,"stat.drop.minecraft.feather":3,"stat.useItem.minecraft.stone_axe":154,"stat.pickup.minecraft.gunpowder":2,"stat.crouchOneCm":9012,"stat.pickup.minecraft.spider_eye":2,"stat.craftItem.minecraft.iron_ingot":29,"stat.breakItem.minecraft.iron_pickaxe":1,"stat.pickup.minecraft.dirt":13,"stat.useItem.minecraft.dirt":1,"stat.craftItem.minecraft.iron_helmet":1,"stat.pickup.minecraft.bow":2,"stat.useItem.minecraft.water_bucket":37,"stat.useItem.minecraft.cooked_chicken":2,"stat.craftingTableInteraction":27,"stat.pickup.minecraft.iron_ore":61,"stat.pickup.minecraft.rotten_flesh":15,"stat.useItem.minecraft.red_flower":1,"stat.craftItem.minecraft.furnace":2,"stat.useItem.minecraft.sapling":2,"stat.entityKilledBy.Spider":1,"stat.craftItem.minecraft.flint_and_steel":1,"stat.useItem.minecraft.egg":1,"stat.craftItem.minecraft.stone_axe":3,"stat.craftItem.minecraft.iron_boots":1,"stat.mineBlock.minecraft.leaves2":2,"stat.drop.minecraft.double_plant":1,"stat.damageTaken":1785,"stat.pickup.minecraft.feather":3,"stat.drop.minecraft.bone":9,"stat.craftItem.minecraft.stone_pickaxe":2,"stat.mineBlock.minecraft.red_flower":1,"stat.mineBlock.minecraft.furnace":3,"stat.useItem.minecraft.wooden_pickaxe":29,"stat.useItem.minecraft.furnace":4,"stat.killEntity.Enderman":1,"stat.pickup.minecraft.cobblestone":370,"stat.mineBlock.minecraft.clay":1,"stat.pickup.minecraft.planks":3,"stat.flyOneCm":306427,"stat.pickup.minecraft.glass_bottle":2,"stat.pickup.minecraft.wheat_seeds":1,"stat.killEntity.Witch":1,"stat.entityKilledBy.Zombie":1,"stat.drop.minecraft.wheat_seeds":1,"stat.mineBlock.minecraft.gravel":13,"stat.useItem.minecraft.stone_pickaxe":204,"stat.breakItem.minecraft.stone_axe":1,"stat.craftItem.minecraft.iron_leggings":1,"stat.damageDealt":8765,"stat.pickup.minecraft.redstone":8,"stat.mineBlock.minecraft.iron_ore":51,"stat.timeSinceDeath":55649,"stat.useItem.minecraft.crafting_table":7,"stat.mineBlock.minecraft.dirt":13,"stat.useItem.minecraft.iron_pickaxe":251,"stat.craftItem.minecraft.wooden_pickaxe":3,"stat.killEntity.Pig":6,"stat.drop.minecraft.spider_eye":2,"stat.pickup.minecraft.mutton":7,"stat.pickup.minecraft.double_plant":1,"stat.walkOneCm":191816,"stat.pickup.minecraft.stick":2,"stat.drop.minecraft.rotten_flesh":10,"stat.pickup.minecraft.crafting_table":6,"stat.useItem.minecraft.cobblestone":121,"stat.craftItem.minecraft.crafting_table":6,"stat.furnaceInteraction":37,"stat.useItem.minecraft.gravel":10,"stat.drop.minecraft.dirt":12,"stat.mineBlock.minecraft.double_plant":1,"stat.useItem.minecraft.cooked_porkchop":8,"stat.useItem.minecraft.lava_bucket":17,"stat.mineBlock.minecraft.coal_ore":27,"stat.drop.minecraft.wool":2,"stat.killEntity.Creeper":1,"stat.pickup.minecraft.log":37,"stat.pickup.minecraft.string":6,"stat.pickup.minecraft.iron_pickaxe":1,"stat.pickup.minecraft.furnace":3,"stat.useItem.minecraft.cooked_mutton":6,"stat.pickup.minecraft.stone":47,"stat.drop.minecraft.planks":3,"stat.craftItem.minecraft.iron_chestplate":1,"stat.pickup.minecraft.chicken":1,"stat.pickup.minecraft.sapling":2,"stat.sprintOneCm":227851,"stat.craftItem.minecraft.stick":32,"stat.killEntity.Skeleton":8,"stat.drop.minecraft.bow":1,"stat.craftItem.minecraft.bucket":1,"stat.craftItem.minecraft.planks":76,"stat.pickup.minecraft.potion":1,"stat.killEntity.Chicken":2,"stat.mineBlock.minecraft.diamond_ore":5,"stat.useItem.minecraft.flint_and_steel":28,"stat.pickup.minecraft.grass":1,"stat.drop.minecraft.crafting_table":2,"stat.mineBlock.minecraft.crafting_table":5,"stat.killEntity.Spider":2,"stat.killEntity.WitherSkeleton":1,"stat.useItem.minecraft.diamond_pickaxe":58,"stat.mobKills":56,"stat.mineBlock.minecraft.log":29,"stat.useItem.minecraft.bucket":55,"stat.craftItem.minecraft.cooked_chicken":1,"stat.deaths":2,"stat.drop":27,"stat.pickup.minecraft.diamond":5,"stat.mineBlock.minecraft.leaves":13,"stat.pickup.minecraft.egg":1,"stat.playOneMinute":67309,"stat.pickup.minecraft.blaze_rod":1,"stat.drop.minecraft.string":6,"stat.killEntity.Sheep":14,"stat.pickup.minecraft.red_flower":1,"stat.mineBlock.minecraft.redstone_ore":1,"stat.sneakTime":2706,"stat.craftItem.minecraft.iron_pickaxe":1,"stat.pickup.minecraft.wool":17,"stat.craftItem.minecraft.diamond_pickaxe":1,"stat.drop.minecraft.stone_axe":1,"stat.killEntity.Zombie":12,"stat.drop.minecraft.arrow":9,"stat.drop.minecraft.glass_bottle":3,"stat.mineBlock.minecraft.stone":424,"stat.drop.minecraft.grass":1,"stat.mineBlock.minecraft.tallgrass":7,"stat.craftItem.minecraft.cooked_mutton":4,"stat.diveOneCm":17509,"stat.pickup.minecraft.cooked_mutton":19}