{"stat.chestOpened":1,"stat.pickup.minecraft.bone":4,"stat.useItem.minecraft.stone":10,"stat.pickup.minecraft.gravel":11,"stat.leaveGame":1,"stat.pickup.minecraft.arrow":11,"stat.mineBlock.minecraft.cobblestone":6,"stat.pickup.minecraft.flint":2,"stat.useItem.minecraft.potion":1,"stat.useItem.minecraft.rotten_flesh":8,"stat.drop.minecraft.iron_pickaxe":1,"stat.useItem.minecraft.mutton":1,"stat.swimOneCm":9971,"stat.jump":891,"stat.pickup.minecraft.coal":23,"stat.pickup.minecraft.cooked_chicken":1,"stat.fallOneCm":17388,"stat.climbOneCm":734,"stat.craftItem.minecraft.shield":1,"stat.pickup.minecraft.iron_ingot":6,"stat.useItem.minecraft.planks":2,"stat.pickup.minecraft.cooked_porkchop":9,"stat.useItem.minecraft.stone_axe":150,"stat.pickup.minecraft.gunpowder":2,"stat.crouchOneCm":4877,"stat.pickup.minecraft.spider_eye":1,"stat.craftItem.minecraft.iron_ingot":29,"stat.pickup.minecraft.dirt":13,"stat.useItem.minecraft.dirt":1,"stat.craftItem.minecraft.iron_helmet":1,"stat.pickup.minecraft.bow":1,"stat.useItem.minecraft.water_bucket":1,"stat.useItem.minecraft.cooked_chicken":1,"stat.craftingTableInteraction":24,"stat.pickup.minecraft.iron_ore":58,"stat.pickup.minecraft.rotten_flesh":10,"stat.useItem.minecraft.red_flower":1,"stat.craftItem.minecraft.furnace":2,"stat.useItem.minecraft.sapling":1,"stat.entityKilledBy.Spider":1,"stat.craftItem.minecraft.flint_and_steel":1,"stat.useItem.minecraft.egg":1,"stat.craftItem.minecraft.stone_axe":3,"stat.craftItem.minecraft.iron_boots":1,"stat.damageTaken":1141,"stat.pickup.minecraft.feather":3,"stat.craftItem.minecraft.stone_pickaxe":2,"stat.mineBlock.minecraft.red_flower":1,"stat.mineBlock.minecraft.furnace":3,"stat.useItem.minecraft.wooden_pickaxe":26,"stat.useItem.minecraft.furnace":4,"stat.killEntity.Enderman":1,"stat.pickup.minecraft.cobblestone":154,"stat.mineBlock.minecraft.clay":1,"stat.flyOneCm":130229,"stat.pickup.minecraft.glass_bottle":2,"stat.pickup.minecraft.wheat_seeds":1,"stat.killEntity.Witch":1,"stat.entityKilledBy.Zombie":1,"stat.drop.minecraft.wheat_seeds":1,"stat.mineBlock.minecraft.gravel":13,"stat.useItem.minecraft.stone_pickaxe":204,"stat.craftItem.minecraft.iron_leggings":1,"stat.damageDealt":7203,"stat.pickup.minecraft.redstone":2,"stat.mineBlock.minecraft.iron_ore":48,"stat.timeSinceDeath":31349,"stat.useItem.minecraft.crafting_table":6,"stat.mineBlock.minecraft.dirt":13,"stat.useItem.minecraft.iron_pickaxe":36,"stat.craftItem.minecraft.wooden_pickaxe":3,"stat.killEntity.Pig":5,"stat.pickup.minecraft.mutton":7,"stat.pickup.minecraft.double_plant":1,"stat.walkOneCm":128854,"stat.pickup.minecraft.stick":2,"stat.pickup.minecraft.crafting_table":5,"stat.useItem.minecraft.cobblestone":45,"stat.craftItem.minecraft.crafting_table":5,"stat.furnaceInteraction":37,"stat.useItem.minecraft.gravel":10,"stat.mineBlock.minecraft.double_plant":1,"stat.useItem.minecraft.cooked_porkchop":1,"stat.mineBlock.minecraft.coal_ore":26,"stat.killEntity.Creeper":1,"stat.pickup.minecraft.log":37,"stat.pickup.minecraft.string":3,"stat.pickup.minecraft.iron_pickaxe":1,"stat.pickup.minecraft.furnace":3,"stat.useItem.minecraft.cooked_mutton":5,"stat.pickup.minecraft.stone":20,"stat.craftItem.minecraft.iron_chestplate":1,"stat.pickup.minecraft.chicken":1,"stat.pickup.minecraft.sapling":1,"stat.sprintOneCm":110560,"stat.craftItem.minecraft.stick":28,"stat.killEntity.Skeleton":7,"stat.craftItem.minecraft.bucket":1,"stat.craftItem.minecraft.planks":72,"stat.pickup.minecraft.potion":1,"stat.killEntity.Chicken":2,"stat.useItem.minecraft.flint_and_steel":26,"stat.pickup.minecraft.grass":1,"stat.drop.minecraft.crafting_table":2,"stat.mineBlock.minecraft.crafting_table":5,"stat.killEntity.Spider":2,"stat.mobKills":48,"stat.mineBlock.minecraft.log":29,"stat.useItem.minecraft.bucket":2,"stat.craftItem.minecraft.cooked_chicken":1,"stat.deaths":2,"stat.drop":3,"stat.mineBlock.minecraft.leaves":9,"stat.pickup.minecraft.egg":1,"stat.playOneMinute":43009,"stat.killEntity.Sheep":14,"stat.pickup.minecraft.red_flower":1,"stat.sneakTime":1080,"stat.craftItem.minecraft.iron_pickaxe":1,"stat.pickup.minecraft.wool":17,"stat.killEntity.Zombie":12,"stat.mineBlock.minecraft.stone":170,"stat.mineBlock.minecraft.tallgrass":7,"stat.craftItem.minecraft.cooked_mutton":4,"stat.diveOneCm":12759,"stat.pickup.minecraft.cooked_mutton":19}