{"stat.chestOpened":1,"stat.pickup.minecraft.bone":20,"stat.useItem.minecraft.stone":119,"stat.pickup.minecraft.gravel":11,"stat.leaveGame":1,"stat.pickup.minecraft.arrow":12,"stat.mineBlock.minecraft.cobblestone":18,"stat.drop.minecraft.gunpowder":7,"stat.pickup.minecraft.flint":2,"stat.pickup.minecraft.stone_axe":1,"stat.drop.minecraft.redstone":4,"stat.killEntity.Blaze":8,"stat.mineBlock.minecraft.brown_mushroom":1,"stat.useItem.minecraft.diamond_sword":35,"stat.useItem.minecraft.potion":1,"stat.useItem.minecraft.rotten_flesh":8,"stat.drop.minecraft.iron_pickaxe":1,"stat.useItem.minecraft.mutton":1,"stat.craftItem.minecraft.diamond_sword":1,"stat.swimOneCm":23601,"stat.jump":2637,"stat.pickup.minecraft.coal":24,"stat.pickup.minecraft.cooked_chicken":1,"stat.pickup.minecraft.iron_helmet":1,"stat.fallOneCm":64595,"stat.climbOneCm":734,"stat.craftItem.minecraft.shield":2,"stat.pickup.minecraft.iron_ingot":14,"stat.useItem.minecraft.planks":3,"stat.drop.minecraft.stone":1,"stat.drop.minecraft.cobblestone":42,"stat.pickup.minecraft.cooked_porkchop":17,"stat.drop.minecraft.feather":3,"stat.useItem.minecraft.stone_axe":154,"stat.pickup.minecraft.gunpowder":2,"stat.crouchOneCm":16007,"stat.pickup.minecraft.spider_eye":3,"stat.craftItem.minecraft.iron_ingot":29,"stat.breakItem.minecraft.iron_pickaxe":1,"stat.pickup.minecraft.dirt":28,"stat.useItem.minecraft.dirt":7,"stat.craftItem.minecraft.iron_helmet":1,"stat.pickup.minecraft.bow":2,"stat.pickup.minecraft.iron_boots":1,"stat.useItem.minecraft.water_bucket":42,"stat.useItem.minecraft.cooked_chicken":2,"stat.craftingTableInteraction":31,"stat.pickup.minecraft.iron_ore":63,"stat.pickup.minecraft.rotten_flesh":17,"stat.useItem.minecraft.red_flower":1,"stat.craftItem.minecraft.furnace":2,"stat.useItem.minecraft.sapling":2,"stat.entityKilledBy.Spider":1,"stat.craftItem.minecraft.flint_and_steel":1,"stat.useItem.minecraft.egg":1,"stat.craftItem.minecraft.stone_axe":3,"stat.craftItem.minecraft.iron_boots":1,"stat.mineBlock.minecraft.leaves2":2,"stat.drop.minecraft.double_plant":1,"stat.damageTaken":3816,"stat.pickup.minecraft.feather":3,"stat.pickup.minecraft.leather":6,"stat.drop.minecraft.bone":9,"stat.drop.minecraft.ender_pearl":8,"stat.craftItem.minecraft.stone_pickaxe":2,"stat.mineBlock.minecraft.red_flower":1,"stat.mineBlock.minecraft.furnace":3,"stat.useItem.minecraft.wooden_pickaxe":29,"stat.useItem.minecraft.furnace":4,"stat.killEntity.Enderman":2,"stat.pickup.minecraft.cobblestone":420,"stat.pickup.minecraft.ender_eye":119,"stat.mineBlock.minecraft.clay":1,"stat.pickup.minecraft.planks":13,"stat.pickup.minecraft.reeds":2,"stat.pickup.minecraft.iron_leggings":1,"stat.flyOneCm":1562133,"stat.pickup.minecraft.glass_bottle":2,"stat.useItem.minecraft.brown_mushroom":1,"stat.useItem.minecraft.ender_pearl":1,"stat.pickup.minecraft.wheat_seeds":4,"stat.pickup.minecraft.brown_mushroom":1,"stat.killEntity.Witch":1,"stat.entityKilledBy.Zombie":1,"stat.drop.minecraft.wheat_seeds":3,"stat.mineBlock.minecraft.gravel":13,"stat.useItem.minecraft.stone_pickaxe":204,"stat.breakItem.minecraft.stone_axe":1,"stat.craftItem.minecraft.iron_leggings":1,"stat.mineBlock.minecraft.end_stone":18,"stat.damageDealt":10378,"stat.pickup.minecraft.redstone":8,"stat.mineBlock.minecraft.iron_ore":51,"stat.sleepInBed":2,"stat.timeSinceDeath":1386,"stat.useItem.minecraft.crafting_table":9,"stat.mineBlock.minecraft.dirt":20,"stat.useItem.minecraft.iron_pickaxe":319,"stat.drop.minecraft.ender_eye":120,"stat.craftItem.minecraft.wooden_pickaxe":4,"stat.killEntity.Pig":6,"stat.drop.minecraft.spider_eye":2,"stat.pickup.minecraft.mutton":7,"stat.craftItem.minecraft.iron_sword":1,"stat.pickup.minecraft.double_plant":1,"stat.walkOneCm":285750,"stat.pickup.minecraft.stick":9,"stat.drop.minecraft.rotten_flesh":11,"stat.pickup.minecraft.crafting_table":7,"stat.useItem.minecraft.cobblestone":154,"stat.pickup.minecraft.stonebrick":1,"stat.craftItem.minecraft.crafting_table":8,"stat.furnaceInteraction":37,"stat.drop.minecraft.end_stone":8,"stat.useItem.minecraft.gravel":10,"stat.drop.minecraft.dirt":12,"stat.mineBlock.minecraft.double_plant":1,"stat.useItem.minecraft.cooked_porkchop":17,"stat.useItem.minecraft.lava_bucket":17,"stat.mineBlock.minecraft.coal_ore":27,"stat.drop.minecraft.wool":2,"stat.killEntity.Creeper":1,"stat.pickup.minecraft.log":40,"stat.pickup.minecraft.string":9,"stat.pickup.minecraft.iron_pickaxe":2,"stat.pickup.minecraft.beef":7,"stat.pickup.minecraft.furnace":3,"stat.useItem.minecraft.cooked_mutton":11,"stat.pickup.minecraft.stone":62,"stat.drop.minecraft.planks":3,"stat.craftItem.minecraft.iron_chestplate":1,"stat.pickup.minecraft.chicken":1,"stat.pickup.minecraft.sapling":2,"stat.pickup.minecraft.ender_pearl":1,"stat.sprintOneCm":336652,"stat.pickup.minecraft.iron_chestplate":1,"stat.craftItem.minecraft.stick":36,"stat.pickup.minecraft.end_stone":29,"stat.killEntity.Skeleton":8,"stat.drop.minecraft.bow":1,"stat.craftItem.minecraft.bucket":1,"stat.craftItem.minecraft.planks":88,"stat.useItem.minecraft.iron_sword":28,"stat.pickup.minecraft.potion":1,"stat.killEntity.Chicken":2,"stat.mineBlock.minecraft.diamond_ore":5,"stat.useItem.minecraft.flint_and_steel":28,"stat.pickup.minecraft.grass":1,"stat.drop.minecraft.crafting_table":2,"stat.mineBlock.minecraft.crafting_table":6,"stat.killEntity.Spider":2,"stat.killEntity.WitherSkeleton":1,"stat.useItem.minecraft.diamond_pickaxe":58,"stat.useItem.minecraft.ender_eye":16,"stat.mobKills":61,"stat.pickup.minecraft.book":6,"stat.mineBlock.minecraft.log":32,"stat.useItem.minecraft.bucket":60,"stat.craftItem.minecraft.cooked_chicken":1,"stat.deaths":6,"stat.drop":36,"stat.pickup.minecraft.diamond":5,"stat.pickup.minecraft.iron_door":1,"stat.mineBlock.minecraft.leaves":19,"stat.pickup.minecraft.egg":1,"stat.playOneMinute":153709,"stat.pickup.minecraft.blaze_rod":2,"stat.drop.minecraft.string":6,"stat.killEntity.Sheep":14,"stat.pickup.minecraft.red_flower":1,"stat.mineBlock.minecraft.redstone_ore":1,"stat.sneakTime":5457,"stat.craftItem.minecraft.iron_pickaxe":2,"stat.pickup.minecraft.wool":17,"stat.craftItem.minecraft.diamond_pickaxe":1,"stat.drop.minecraft.stone_axe":1,"stat.killEntity.Zombie":13,"stat.drop.minecraft.arrow":9,"stat.drop.minecraft.glass_bottle":3,"stat.mineBlock.minecraft.stone":473,"stat.drop.minecraft.grass":1,"stat.mineBlock.minecraft.tallgrass":12,"stat.craftItem.minecraft.cooked_mutton":4,"stat.diveOneCm":27951,"stat.pickup.minecraft.cooked_mutton":24}