{"stat.useItem.minecraft.stone":10,"stat.pickup.minecraft.gravel":1,"stat.leaveGame":1,"stat.pickup.minecraft.arrow":2,"stat.pickup.minecraft.flint":1,"stat.useItem.minecraft.mutton":1,"stat.swimOneCm":4097,"stat.jump":305,"stat.fallOneCm":9467,"stat.climbOneCm":559,"stat.craftItem.minecraft.shield":1,"stat.pickup.minecraft.iron_ingot":1,"stat.useItem.minecraft.stone_axe":28,"stat.pickup.minecraft.gunpowder":2,"stat.crouchOneCm":2640,"stat.craftItem.minecraft.iron_ingot":5,"stat.pickup.minecraft.dirt":13,"stat.useItem.minecraft.dirt":1,"stat.craftingTableInteraction":10,"stat.pickup.minecraft.iron_ore":22,"stat.useItem.minecraft.red_flower":1,"stat.craftItem.minecraft.furnace":1,"stat.entityKilledBy.Spider":1,"stat.craftItem.minecraft.stone_axe":2,"stat.damageTaken":668,"stat.craftItem.minecraft.stone_pickaxe":2,"stat.mineBlock.minecraft.red_flower":1,"stat.mineBlock.minecraft.furnace":1,"stat.useItem.minecraft.wooden_pickaxe":26,"stat.useItem.minecraft.furnace":1,"stat.pickup.minecraft.cobblestone":140,"stat.flyOneCm":53508,"stat.entityKilledBy.Zombie":1,"stat.mineBlock.minecraft.gravel":2,"stat.useItem.minecraft.stone_pickaxe":162,"stat.damageDealt":788,"stat.mineBlock.minecraft.iron_ore":15,"stat.timeSinceDeath":7049,"stat.useItem.minecraft.crafting_table":3,"stat.mineBlock.minecraft.dirt":13,"stat.craftItem.minecraft.wooden_pickaxe":3,"stat.pickup.minecraft.mutton":1,"stat.walkOneCm":34634,"stat.pickup.minecraft.crafting_table":2,"stat.useItem.minecraft.cobblestone":1,"stat.craftItem.minecraft.crafting_table":3,"stat.furnaceInteraction":10,"stat.killEntity.Creeper":1,"stat.pickup.minecraft.log":37,"stat.pickup.minecraft.furnace":1,"stat.pickup.minecraft.stone":19,"stat.sprintOneCm":33608,"stat.craftItem.minecraft.stick":28,"stat.killEntity.Skeleton":1,"stat.craftItem.minecraft.planks":72,"stat.mineBlock.minecraft.crafting_table":2,"stat.mobKills":4,"stat.mineBlock.minecraft.log":29,"stat.deaths":2,"stat.mineBlock.minecraft.leaves":9,"stat.playOneMinute":18709,"stat.killEntity.Sheep":1,"stat.pickup.minecraft.red_flower":1,"stat.sneakTime":525,"stat.pickup.minecraft.wool":1,"stat.mineBlock.minecraft.stone":161,"stat.mineBlock.minecraft.tallgrass":1,"stat.diveOneCm":5890}