{"stat.drop.minecraft.stone_pickaxe":2,"stat.useItem.minecraft.bow":2,"stat.pickup.minecraft.bone":9,"stat.leaveGame":4,"stat.drop.minecraft.stone_shovel":1,"stat.mineBlock.minecraft.cobblestone":13,"stat.mineBlock.minecraft.pumpkin":1,"stat.drop.minecraft.gunpowder":1,"stat.pickup.minecraft.flint":1,"stat.drop.minecraft.redstone":14,"stat.killEntity.Blaze":31,"stat.useItem.minecraft.diamond_sword":146,"stat.swimOneCm":20335,"stat.climbOneCm":142,"stat.craftItem.minecraft.shield":1,"stat.useItem.minecraft.planks":7,"stat.drop.minecraft.feather":4,"stat.useItem.minecraft.obsidian":6,"stat.pickup.minecraft.bow":1,"stat.useItem.minecraft.water_bucket":7,"stat.pickup.minecraft.rotten_flesh":15,"stat.mineBlock.minecraft.nether_brick_fence":3,"stat.craftItem.minecraft.golden_apple":1,"stat.craftItem.minecraft.furnace":2,"stat.useItem.minecraft.egg":1,"stat.craftItem.minecraft.stone_axe":3,"stat.craftItem.minecraft.iron_boots":1,"stat.craftItem.minecraft.stone_pickaxe":2,"stat.mineBlock.minecraft.obsidian":12,"stat.pickup.minecraft.cobblestone":226,"stat.craftItem.minecraft.bow":1,"stat.useItem.minecraft.stone_shovel":18,"stat.flyOneCm":198261,"stat.drop.minecraft.wheat_seeds":2,"stat.pickup.minecraft.redstone":14,"stat.mineBlock.minecraft.iron_ore":70,"stat.timeSinceDeath":69105,"stat.craftItem.minecraft.blaze_powder":22,"stat.useItem.minecraft.iron_pickaxe":156,"stat.craftItem.minecraft.wooden_pickaxe":1,"stat.pickup.minecraft.mutton":11,"stat.pickup.minecraft.double_plant":1,"stat.killEntity.Bat":1,"stat.craftItem.minecraft.bed":1,"stat.furnaceInteraction":60,"stat.drop.minecraft.gravel":3,"stat.mineBlock.minecraft.coal_ore":58,"stat.mineBlock.minecraft.nether_brick":73,"stat.killEntity.Creeper":1,"stat.pickup.minecraft.nether_brick":72,"stat.pickup.minecraft.string":6,"stat.useItem.minecraft.cooked_mutton":11,"stat.pickup.minecraft.furnace":6,"stat.sprintOneCm":200383,"stat.craftItem.minecraft.stick":24,"stat.useItem.minecraft.bed":1,"stat.mineBlock.minecraft.diamond_ore":11,"stat.useItem.minecraft.flint_and_steel":1,"stat.mineBlock.minecraft.crafting_table":5,"stat.useItem.minecraft.diamond_pickaxe":143,"stat.useItem.minecraft.bucket":10,"stat.drop":22,"stat.pickup.minecraft.egg":1,"stat.playOneMinute":69105,"stat.pickup.minecraft.blaze_rod":13,"stat.killEntity.Sheep":8,"stat.useItem.minecraft.nether_brick":66,"stat.craftItem.minecraft.iron_pickaxe":1,"stat.drop.minecraft.blaze_rod":2,"stat.craftItem.minecraft.diamond_pickaxe":1,"stat.killEntity.Zombie":13,"stat.mineBlock.minecraft.gold_ore":8,"stat.craftItem.minecraft.cooked_mutton":11,"stat.mineBlock.minecraft.tallgrass":2,"stat.pickup.minecraft.netherrack":4,"stat.diveOneCm":11284,"stat.chestOpened":8,"stat.pickup.minecraft.pumpkin":1,"stat.useItem.minecraft.stone":2,"stat.mineBlock.minecraft.netherrack":5,"stat.pickup.minecraft.gravel":3,"stat.pickup.minecraft.arrow":2,"stat.pickup.minecraft.stone_axe":1,"stat.pickup.minecraft.obsidian":12,"stat.craftItem.minecraft.diamond_sword":1,"stat.jump":1128,"stat.pickup.minecraft.coal":144,"stat.pickup.minecraft.cooked_chicken":9,"stat.fallOneCm":22324,"stat.pickup.minecraft.iron_ingot":4,"stat.drop.minecraft.stone":15,"stat.useItem.minecraft.stone_axe":104,"stat.pickup.minecraft.gunpowder":1,"stat.crouchOneCm":47470,"stat.pickup.minecraft.spider_eye":2,"stat.craftItem.minecraft.iron_ingot":65,"stat.craftItem.minecraft.chest":2,"stat.craftItem.minecraft.torch":12,"stat.useItem.minecraft.nether_brick_fence":2,"stat.craftItem.minecraft.iron_helmet":1,"stat.useItem.minecraft.cooked_chicken":8,"stat.craftingTableInteraction":33,"stat.pickup.minecraft.iron_ore":90,"stat.pickup.minecraft.nether_brick_fence":3,"stat.pickup.minecraft.gold_ore":8,"stat.mineBlock.minecraft.lapis_ore":6,"stat.craftItem.minecraft.flint_and_steel":1,"stat.drop.minecraft.double_plant":1,"stat.damageTaken":1396,"stat.pickup.minecraft.feather":4,"stat.mineBlock.minecraft.furnace":6,"stat.mineBlock.minecraft.torch":6,"stat.useItem.minecraft.wooden_pickaxe":6,"stat.useItem.minecraft.furnace":8,"stat.pickup.minecraft.dye":31,"stat.pickup.minecraft.planks":23,"stat.pickup.minecraft.reeds":5,"stat.drop.minecraft.nether_brick_fence":1,"stat.pickup.minecraft.wheat_seeds":2,"stat.mineBlock.minecraft.gravel":19,"stat.useItem.minecraft.stone_pickaxe":135,"stat.craftItem.minecraft.iron_leggings":1,"stat.damageDealt":12405,"stat.sleepInBed":1,"stat.useItem.minecraft.crafting_table":8,"stat.drop.minecraft.reeds":5,"stat.craftItem.minecraft.iron_sword":1,"stat.craftItem.minecraft.stone_shovel":1,"stat.walkOneCm":119892,"stat.useItem.minecraft.torch":6,"stat.useItem.minecraft.chest":2,"stat.useItem.minecraft.pumpkin":1,"stat.drop.minecraft.rotten_flesh":15,"stat.pickup.minecraft.crafting_table":5,"stat.useItem.minecraft.cobblestone":108,"stat.craftItem.minecraft.crafting_table":3,"stat.useItem.minecraft.lava_bucket":2,"stat.pickup.minecraft.log":38,"stat.craftItem.minecraft.gold_ingot":8,"stat.pickup.minecraft.stone":17,"stat.drop.minecraft.sapling":2,"stat.craftItem.minecraft.iron_chestplate":1,"stat.pickup.minecraft.chicken":8,"stat.pickup.minecraft.sapling":2,"stat.pickup.minecraft.apple":1,"stat.useItem.minecraft.netherrack":4,"stat.killEntity.Skeleton":3,"stat.drop.minecraft.nether_brick":6,"stat.craftItem.minecraft.bucket":2,"stat.craftItem.minecraft.planks":128,"stat.useItem.minecraft.iron_sword":36,"stat.killEntity.Chicken":8,"stat.killEntity.Spider":6,"stat.killEntity.WitherSkeleton":4,"stat.mobKills":75,"stat.mineBlock.minecraft.log":39,"stat.craftItem.minecraft.cooked_chicken":4,"stat.useItem.minecraft.golden_apple":1,"stat.pickup.minecraft.diamond":11,"stat.mineBlock.minecraft.leaves":5,"stat.pickup.minecraft.torch":6,"stat.mineBlock.minecraft.redstone_ore":2,"stat.sneakTime":14091,"stat.pickup.minecraft.wool":8,"stat.drop.minecraft.stone_axe":1,"stat.mineBlock.minecraft.stone":169}