{"stat.useItem.minecraft.bow":2,"stat.leaveGame":5,"stat.drop.minecraft.gunpowder":1,"stat.craftItem.minecraft.iron_axe":1,"stat.drop.minecraft.redstone":14,"stat.killEntity.Blaze":31,"stat.drop.minecraft.shield":1,"stat.craftItem.minecraft.shield":2,"stat.useItem.minecraft.planks":54,"stat.drop.minecraft.feather":4,"stat.pickup.minecraft.porkchop":24,"stat.useItem.minecraft.water_bucket":7,"stat.drop.minecraft.iron_sword":1,"stat.pickup.minecraft.rotten_flesh":20,"stat.mineBlock.minecraft.nether_brick_fence":3,"stat.craftItem.minecraft.golden_apple":1,"stat.craftItem.minecraft.stone_axe":3,"stat.killEntity.Enderman":2,"stat.craftItem.minecraft.blaze_powder":22,"stat.useItem.minecraft.iron_pickaxe":156,"stat.craftItem.minecraft.wooden_pickaxe":1,"stat.pickup.minecraft.double_plant":3,"stat.craftItem.minecraft.bed":1,"stat.furnaceInteraction":88,"stat.drop.minecraft.gravel":13,"stat.pickup.minecraft.nether_brick":72,"stat.useItem.minecraft.cooked_mutton":15,"stat.pickup.minecraft.furnace":9,"stat.useItem.minecraft.flint_and_steel":1,"stat.pickup.minecraft.egg":1,"stat.playOneMinute":93324,"stat.pickup.minecraft.blaze_rod":13,"stat.useItem.minecraft.nether_brick":66,"stat.craftItem.minecraft.iron_pickaxe":1,"stat.craftItem.minecraft.cooked_mutton":25,"stat.mineBlock.minecraft.tallgrass":12,"stat.pickup.minecraft.netherrack":4,"stat.chestOpened":9,"stat.pickup.minecraft.pumpkin":1,"stat.useItem.minecraft.stone":2,"stat.mineBlock.minecraft.netherrack":5,"stat.pickup.minecraft.arrow":4,"stat.pickup.minecraft.cooked_chicken":9,"stat.fallOneCm":32501,"stat.drop.minecraft.stone":15,"stat.crouchOneCm":63210,"stat.craftItem.minecraft.iron_ingot":72,"stat.craftItem.minecraft.chest":2,"stat.useItem.minecraft.nether_brick_fence":2,"stat.craftingTableInteraction":39,"stat.pickup.minecraft.nether_brick_fence":3,"stat.drop.minecraft.double_plant":3,"stat.mineBlock.minecraft.log2":40,"stat.pickup.minecraft.feather":4,"stat.useItem.minecraft.furnace":11,"stat.pickup.minecraft.dye":31,"stat.pickup.minecraft.planks":24,"stat.pickup.minecraft.wheat_seeds":9,"stat.mineBlock.minecraft.gravel":127,"stat.useItem.minecraft.stone_pickaxe":135,"stat.craftItem.minecraft.iron_leggings":1,"stat.mineBlock.minecraft.dirt":10,"stat.drop.minecraft.reeds":5,"stat.drop.minecraft.stick":2,"stat.useItem.minecraft.torch":9,"stat.drop.minecraft.rotten_flesh":18,"stat.pickup.minecraft.crafting_table":7,"stat.useItem.minecraft.cobblestone":122,"stat.craftItem.minecraft.crafting_table":4,"stat.useItem.minecraft.gravel":89,"stat.mineBlock.minecraft.double_plant":3,"stat.pickup.minecraft.log":38,"stat.craftItem.minecraft.gold_ingot":8,"stat.drop.minecraft.sapling":2,"stat.pickup.minecraft.chicken":8,"stat.pickup.minecraft.sapling":2,"stat.pickup.minecraft.apple":1,"stat.craftItem.minecraft.bucket":2,"stat.craftItem.minecraft.planks":308,"stat.useItem.minecraft.iron_sword":36,"stat.killEntity.WitherSkeleton":4,"stat.mineBlock.minecraft.log":39,"stat.craftItem.minecraft.cooked_chicken":4,"stat.sneakTime":17891,"stat.pickup.minecraft.wool":20,"stat.drop.minecraft.stone_pickaxe":2,"stat.pickup.minecraft.bone":14,"stat.useItem.minecraft.iron_axe":47,"stat.drop.minecraft.stone_shovel":1,"stat.mineBlock.minecraft.cobblestone":13,"stat.mineBlock.minecraft.pumpkin":1,"stat.pickup.minecraft.flint":10,"stat.useItem.minecraft.diamond_sword":276,"stat.swimOneCm":25218,"stat.climbOneCm":142,"stat.useItem.minecraft.obsidian":6,"stat.useItem.minecraft.dirt":6,"stat.pickup.minecraft.bow":1,"stat.craftItem.minecraft.furnace":3,"stat.useItem.minecraft.egg":1,"stat.craftItem.minecraft.iron_boots":1,"stat.craftItem.minecraft.stone_pickaxe":2,"stat.mineBlock.minecraft.obsidian":12,"stat.pickup.minecraft.cobblestone":319,"stat.craftItem.minecraft.bow":2,"stat.useItem.minecraft.stone_shovel":129,"stat.flyOneCm":295306,"stat.drop.minecraft.wheat_seeds":9,"stat.pickup.minecraft.redstone":14,"stat.mineBlock.minecraft.iron_ore":77,"stat.timeSinceDeath":93324,"stat.pickup.minecraft.mutton":28,"stat.killEntity.Bat":1,"stat.useItem.minecraft.cooked_porkchop":2,"stat.mineBlock.minecraft.coal_ore":58,"stat.mineBlock.minecraft.nether_brick":73,"stat.killEntity.Creeper":1,"stat.pickup.minecraft.string":9,"stat.sprintOneCm":269880,"stat.craftItem.minecraft.stick":32,"stat.useItem.minecraft.bed":1,"stat.mineBlock.minecraft.diamond_ore":11,"stat.pickup.minecraft.grass":1,"stat.mineBlock.minecraft.crafting_table":6,"stat.useItem.minecraft.diamond_pickaxe":247,"stat.useItem.minecraft.bucket":10,"stat.mineBlock.minecraft.planks":1,"stat.drop":38,"stat.killEntity.Sheep":21,"stat.drop.minecraft.blaze_rod":2,"stat.craftItem.minecraft.diamond_pickaxe":1,"stat.killEntity.Zombie":19,"stat.mineBlock.minecraft.gold_ore":8,"stat.diveOneCm":25822,"stat.pickup.minecraft.gravel":102,"stat.craftItem.minecraft.cooked_porkchop":24,"stat.pickup.minecraft.stone_axe":1,"stat.pickup.minecraft.obsidian":12,"stat.useItem.minecraft.rotten_flesh":2,"stat.craftItem.minecraft.diamond_sword":1,"stat.jump":1577,"stat.pickup.minecraft.coal":261,"stat.pickup.minecraft.iron_ingot":4,"stat.useItem.minecraft.stone_axe":104,"stat.pickup.minecraft.gunpowder":1,"stat.pickup.minecraft.spider_eye":2,"stat.craftItem.minecraft.torch":12,"stat.craftItem.minecraft.iron_helmet":1,"stat.pickup.minecraft.dirt":6,"stat.drop.minecraft.bed":1,"stat.useItem.minecraft.cooked_chicken":8,"stat.pickup.minecraft.iron_ore":97,"stat.pickup.minecraft.gold_ore":8,"stat.mineBlock.minecraft.lapis_ore":6,"stat.craftItem.minecraft.flint_and_steel":1,"stat.damageTaken":1670,"stat.mineBlock.minecraft.furnace":9,"stat.mineBlock.minecraft.torch":6,"stat.useItem.minecraft.wooden_pickaxe":6,"stat.pickup.minecraft.log2":39,"stat.pickup.minecraft.reeds":5,"stat.drop.minecraft.nether_brick_fence":1,"stat.pickup.minecraft.bed":2,"stat.damageDealt":18380,"stat.sleepInBed":1,"stat.useItem.minecraft.crafting_table":10,"stat.killEntity.Pig":15,"stat.craftItem.minecraft.iron_sword":1,"stat.craftItem.minecraft.stone_shovel":2,"stat.walkOneCm":165757,"stat.useItem.minecraft.chest":2,"stat.useItem.minecraft.pumpkin":1,"stat.useItem.minecraft.lava_bucket":2,"stat.pickup.minecraft.stone":17,"stat.craftItem.minecraft.iron_chestplate":1,"stat.useItem.minecraft.netherrack":4,"stat.killEntity.Skeleton":8,"stat.drop.minecraft.nether_brick":6,"stat.killEntity.Chicken":8,"stat.drop.minecraft.crafting_table":1,"stat.killEntity.Spider":8,"stat.mobKills":118,"stat.useItem.minecraft.golden_apple":1,"stat.pickup.minecraft.diamond":11,"stat.mineBlock.minecraft.leaves":5,"stat.pickup.minecraft.torch":6,"stat.mineBlock.minecraft.redstone_ore":2,"stat.drop.minecraft.stone_axe":2,"stat.mineBlock.minecraft.stone":262}