{"stat.drop.minecraft.stone_pickaxe":1,"stat.pickup.minecraft.pumpkin":1,"stat.pickup.minecraft.bone":1,"stat.leaveGame":1,"stat.pickup.minecraft.arrow":2,"stat.mineBlock.minecraft.cobblestone":1,"stat.mineBlock.minecraft.pumpkin":1,"stat.drop.minecraft.gunpowder":1,"stat.pickup.minecraft.stone_axe":1,"stat.jump":365,"stat.swimOneCm":5136,"stat.pickup.minecraft.coal":92,"stat.pickup.minecraft.cooked_chicken":8,"stat.fallOneCm":8886,"stat.climbOneCm":142,"stat.craftItem.minecraft.shield":1,"stat.drop.minecraft.feather":4,"stat.useItem.minecraft.stone_axe":104,"stat.pickup.minecraft.gunpowder":1,"stat.crouchOneCm":20262,"stat.pickup.minecraft.spider_eye":2,"stat.craftItem.minecraft.iron_ingot":37,"stat.useItem.minecraft.cooked_chicken":3,"stat.craftingTableInteraction":14,"stat.pickup.minecraft.iron_ore":43,"stat.pickup.minecraft.rotten_flesh":5,"stat.craftItem.minecraft.furnace":2,"stat.useItem.minecraft.egg":1,"stat.craftItem.minecraft.stone_axe":2,"stat.drop.minecraft.double_plant":1,"stat.damageTaken":300,"stat.pickup.minecraft.feather":4,"stat.craftItem.minecraft.stone_pickaxe":2,"stat.mineBlock.minecraft.furnace":4,"stat.useItem.minecraft.wooden_pickaxe":6,"stat.useItem.minecraft.furnace":4,"stat.pickup.minecraft.cobblestone":173,"stat.pickup.minecraft.reeds":5,"stat.flyOneCm":79069,"stat.pickup.minecraft.wheat_seeds":2,"stat.useItem.minecraft.stone_pickaxe":135,"stat.craftItem.minecraft.iron_leggings":1,"stat.damageDealt":3671,"stat.mineBlock.minecraft.iron_ore":43,"stat.timeSinceDeath":21098,"stat.useItem.minecraft.crafting_table":5,"stat.useItem.minecraft.iron_pickaxe":63,"stat.craftItem.minecraft.wooden_pickaxe":1,"stat.pickup.minecraft.mutton":11,"stat.craftItem.minecraft.iron_sword":1,"stat.pickup.minecraft.double_plant":1,"stat.walkOneCm":26753,"stat.useItem.minecraft.pumpkin":1,"stat.drop.minecraft.rotten_flesh":5,"stat.pickup.minecraft.crafting_table":4,"stat.useItem.minecraft.cobblestone":3,"stat.craftItem.minecraft.crafting_table":2,"stat.furnaceInteraction":40,"stat.mineBlock.minecraft.coal_ore":47,"stat.killEntity.Creeper":1,"stat.pickup.minecraft.log":38,"stat.pickup.minecraft.string":4,"stat.useItem.minecraft.cooked_mutton":2,"stat.pickup.minecraft.furnace":4,"stat.drop.minecraft.sapling":2,"stat.craftItem.minecraft.iron_chestplate":1,"stat.pickup.minecraft.chicken":8,"stat.pickup.minecraft.sapling":2,"stat.sprintOneCm":67675,"stat.pickup.minecraft.apple":1,"stat.craftItem.minecraft.stick":16,"stat.killEntity.Skeleton":1,"stat.craftItem.minecraft.planks":104,"stat.useItem.minecraft.iron_sword":5,"stat.killEntity.Chicken":8,"stat.mineBlock.minecraft.crafting_table":4,"stat.killEntity.Spider":4,"stat.mobKills":30,"stat.mineBlock.minecraft.log":39,"stat.craftItem.minecraft.cooked_chicken":4,"stat.drop":8,"stat.mineBlock.minecraft.leaves":5,"stat.pickup.minecraft.egg":1,"stat.playOneMinute":21098,"stat.killEntity.Sheep":8,"stat.sneakTime":5461,"stat.craftItem.minecraft.iron_pickaxe":1,"stat.pickup.minecraft.wool":8,"stat.drop.minecraft.stone_axe":1,"stat.killEntity.Zombie":8,"stat.mineBlock.minecraft.stone":108,"stat.craftItem.minecraft.cooked_mutton":11,"stat.mineBlock.minecraft.tallgrass":2,"stat.diveOneCm":3455}