{"stat.useItem.minecraft.bow":42,"stat.leaveGame":5,"stat.drop.minecraft.gunpowder":1,"stat.craftItem.minecraft.iron_axe":1,"stat.drop.minecraft.redstone":14,"stat.killEntity.Blaze":31,"stat.drop.minecraft.shield":1,"stat.mineBlock.minecraft.sandstone":1,"stat.craftItem.minecraft.ender_eye":9,"stat.useItem.minecraft.mutton":4,"stat.craftItem.minecraft.shield":2,"stat.useItem.minecraft.planks":105,"stat.drop.minecraft.feather":9,"stat.pickup.minecraft.porkchop":41,"stat.pickup.minecraft.blaze_powder":26,"stat.useItem.minecraft.water_bucket":14,"stat.drop.minecraft.iron_sword":2,"stat.pickup.minecraft.rotten_flesh":24,"stat.mineBlock.minecraft.nether_brick_fence":3,"stat.craftItem.minecraft.golden_apple":1,"stat.craftItem.minecraft.stone_axe":3,"stat.pickup.minecraft.bucket":1,"stat.killEntity.Enderman":8,"stat.useItem.minecraft.ender_pearl":1,"stat.mineBlock.minecraft.end_stone":29,"stat.craftItem.minecraft.blaze_powder":22,"stat.useItem.minecraft.iron_pickaxe":203,"stat.drop.minecraft.ender_eye":141,"stat.craftItem.minecraft.wooden_pickaxe":1,"stat.drop.minecraft.cooked_mutton":5,"stat.pickup.minecraft.double_plant":3,"stat.craftItem.minecraft.bed":2,"stat.furnaceInteraction":113,"stat.drop.minecraft.gravel":13,"stat.pickup.minecraft.nether_brick":72,"stat.useItem.minecraft.end_stone":3,"stat.pickup.minecraft.beef":49,"stat.useItem.minecraft.cooked_mutton":20,"stat.pickup.minecraft.furnace":14,"stat.pickup.minecraft.iron_chestplate":3,"stat.useItem.minecraft.flint_and_steel":1,"stat.useItem.minecraft.beef":30,"stat.craftItem.minecraft.dark_oak_boat":2,"stat.deaths":5,"stat.pickup.minecraft.egg":1,"stat.playOneMinute":167124,"stat.pickup.minecraft.blaze_rod":13,"stat.drop.minecraft.string":10,"stat.useItem.minecraft.nether_brick":66,"stat.craftItem.minecraft.iron_pickaxe":3,"stat.pickup.minecraft.iron_bars":6,"stat.drop.minecraft.torch":9,"stat.drop.minecraft.iron_ingot":8,"stat.craftItem.minecraft.cooked_mutton":25,"stat.mineBlock.minecraft.tallgrass":31,"stat.pickup.minecraft.netherrack":4,"stat.pickup.minecraft.cooked_mutton":1,"stat.chestOpened":16,"stat.pickup.minecraft.pumpkin":1,"stat.useItem.minecraft.stone":9,"stat.mineBlock.minecraft.netherrack":5,"stat.pickup.minecraft.arrow":7,"stat.pickup.minecraft.iron_sword":1,"stat.drop.minecraft.iron_pickaxe":2,"stat.pickup.minecraft.cooked_chicken":9,"stat.fallOneCm":120171,"stat.drop.minecraft.stone":108,"stat.crouchOneCm":73168,"stat.craftItem.minecraft.iron_ingot":116,"stat.craftItem.minecraft.chest":3,"stat.useItem.minecraft.nether_brick_fence":2,"stat.drop.minecraft.book":6,"stat.craftingTableInteraction":66,"stat.pickup.minecraft.nether_brick_fence":3,"stat.drop.minecraft.double_plant":3,"stat.mineBlock.minecraft.log2":40,"stat.pickup.minecraft.feather":18,"stat.drop.minecraft.iron_leggings":1,"stat.drop.minecraft.bone":7,"stat.useItem.minecraft.furnace":14,"stat.pickup.minecraft.dye":65,"stat.pickup.minecraft.planks":290,"stat.pickup.minecraft.iron_leggings":3,"stat.pickup.minecraft.wheat_seeds":14,"stat.mineBlock.minecraft.gravel":127,"stat.useItem.minecraft.stone_pickaxe":135,"stat.craftItem.minecraft.iron_leggings":2,"stat.useItem.minecraft.enchanting_table":5,"stat.mineBlock.minecraft.dirt":18,"stat.drop.minecraft.reeds":8,"stat.drop.minecraft.stick":11,"stat.pickup.minecraft.flint_and_steel":2,"stat.useItem.minecraft.torch":9,"stat.drop.minecraft.rotten_flesh":21,"stat.pickup.minecraft.crafting_table":13,"stat.useItem.minecraft.cobblestone":259,"stat.craftItem.minecraft.crafting_table":11,"stat.drop.minecraft.end_stone":22,"stat.useItem.minecraft.gravel":89,"stat.mineBlock.minecraft.double_plant":6,"stat.craftItem.minecraft.boat":1,"stat.pickup.minecraft.log":51,"stat.useItem.minecraft.cooked_fish":4,"stat.drop.minecraft.chicken":12,"stat.pickup.minecraft.iron_pickaxe":2,"stat.drop.minecraft.iron_ore":2,"stat.craftItem.minecraft.gold_ingot":8,"stat.drop.minecraft.planks":10,"stat.drop.minecraft.sapling":2,"stat.pickup.minecraft.chicken":26,"stat.pickup.minecraft.sapling":2,"stat.pickup.minecraft.apple":1,"stat.pickup.minecraft.end_stone":82,"stat.craftItem.minecraft.bucket":2,"stat.craftItem.minecraft.planks":360,"stat.useItem.minecraft.iron_sword":36,"stat.itemEnchanted":9,"stat.killEntity.WitherSkeleton":4,"stat.pickup.minecraft.book":6,"stat.mineBlock.minecraft.log":52,"stat.craftItem.minecraft.cooked_chicken":4,"stat.craftItem.minecraft.paper":21,"stat.sneakTime":21704,"stat.pickup.minecraft.wool":48,"stat.pickup.minecraft.cooked_fish":62,"stat.craftItem.minecraft.enchanting_table":1,"stat.drop.minecraft.stone_pickaxe":2,"stat.pickup.minecraft.bone":20,"stat.useItem.minecraft.iron_axe":71,"stat.drop.minecraft.stone_shovel":2,"stat.mineBlock.minecraft.cobblestone":14,"stat.mineBlock.minecraft.pumpkin":1,"stat.pickup.minecraft.flint":10,"stat.useItem.minecraft.diamond_sword":523,"stat.swimOneCm":36203,"stat.climbOneCm":241,"stat.pickup.minecraft.cooked_porkchop":58,"stat.craftItem.minecraft.arrow":36,"stat.useItem.minecraft.obsidian":6,"stat.useItem.minecraft.dirt":7,"stat.pickup.minecraft.bow":3,"stat.pickup.minecraft.iron_boots":3,"stat.craftItem.minecraft.furnace":3,"stat.useItem.minecraft.egg":1,"stat.pickup.minecraft.enchanting_table":4,"stat.craftItem.minecraft.iron_boots":2,"stat.craftItem.minecraft.stone_pickaxe":2,"stat.mineBlock.minecraft.obsidian":12,"stat.pickup.minecraft.cobblestone":397,"stat.craftItem.minecraft.bow":2,"stat.useItem.minecraft.stone_shovel":129,"stat.flyOneCm":1775708,"stat.drop.minecraft.iron_helmet":1,"stat.pickup.minecraft.sandstone":1,"stat.drop.minecraft.wheat_seeds":13,"stat.pickup.minecraft.redstone":14,"stat.mineBlock.minecraft.iron_ore":97,"stat.craftItem.minecraft.book":7,"stat.timeSinceDeath":5694,"stat.drop.minecraft.spider_eye":3,"stat.pickup.minecraft.mutton":29,"stat.craftItem.minecraft.iron_block":3,"stat.killEntity.Bat":1,"stat.mineBlock.minecraft.enchanting_table":4,"stat.drop.minecraft.dirt":7,"stat.useItem.minecraft.cooked_porkchop":11,"stat.mineBlock.minecraft.coal_ore":64,"stat.mineBlock.minecraft.nether_brick":73,"stat.killEntity.Creeper":1,"stat.pickup.minecraft.shield":2,"stat.pickup.minecraft.string":16,"stat.drop.minecraft.obsidian":2,"stat.sprintOneCm":563835,"stat.drop.minecraft.leather":6,"stat.craftItem.minecraft.stick":52,"stat.useItem.minecraft.bed":4,"stat.mineBlock.minecraft.diamond_ore":11,"stat.pickup.minecraft.grass":1,"stat.mineBlock.minecraft.crafting_table":12,"stat.useItem.minecraft.diamond_pickaxe":338,"stat.useItem.minecraft.ender_eye":28,"stat.useItem.minecraft.bucket":18,"stat.mineBlock.minecraft.planks":1,"stat.drop":112,"stat.killEntity.Sheep":22,"stat.drop.minecraft.blaze_rod":2,"stat.drop.minecraft.iron_boots":1,"stat.craftItem.minecraft.diamond_pickaxe":1,"stat.killEntity.Zombie":25,"stat.mineBlock.minecraft.gold_ore":8,"stat.diveOneCm":37749,"stat.pickup.minecraft.gravel":102,"stat.craftItem.minecraft.cooked_porkchop":41,"stat.useItem.minecraft.chicken":5,"stat.pickup.minecraft.stone_axe":1,"stat.pickup.minecraft.obsidian":12,"stat.useItem.minecraft.rotten_flesh":2,"stat.drop.minecraft.cooked_porkchop":5,"stat.pickup.minecraft.diamond_sword":2,"stat.craftItem.minecraft.diamond_sword":1,"stat.jump":4011,"stat.pickup.minecraft.coal":378,"stat.pickup.minecraft.iron_helmet":3,"stat.pickup.minecraft.iron_ingot":32,"stat.useItem.minecraft.dark_oak_boat":2,"stat.useItem.minecraft.stone_axe":104,"stat.pickup.minecraft.gunpowder":1,"stat.pickup.minecraft.spider_eye":4,"stat.craftItem.minecraft.torch":12,"stat.craftItem.minecraft.iron_helmet":2,"stat.pickup.minecraft.dirt":20,"stat.drop.minecraft.bed":1,"stat.useItem.minecraft.cooked_chicken":8,"stat.pickup.minecraft.iron_ore":118,"stat.boatOneCm":113121,"stat.pickup.minecraft.gold_ore":8,"stat.mineBlock.minecraft.iron_bars":2,"stat.mineBlock.minecraft.lapis_ore":6,"stat.craftItem.minecraft.flint_and_steel":1,"stat.pickup.minecraft.iron_axe":2,"stat.damageTaken":4872,"stat.pickup.minecraft.leather":67,"stat.mineBlock.minecraft.furnace":12,"stat.mineBlock.minecraft.torch":6,"stat.useItem.minecraft.wooden_pickaxe":6,"stat.drop.minecraft.water_bucket":1,"stat.pickup.minecraft.ender_eye":192,"stat.pickup.minecraft.log2":39,"stat.pickup.minecraft.reeds":31,"stat.drop.minecraft.nether_brick_fence":1,"stat.pickup.minecraft.bed":3,"stat.damageDealt":28242,"stat.sleepInBed":3,"stat.killEntity.Silverfish":1,"stat.killEntity.Cow":26,"stat.useItem.minecraft.crafting_table":23,"stat.killEntity.Pig":24,"stat.craftItem.minecraft.iron_sword":1,"stat.craftItem.minecraft.stone_shovel":2,"stat.walkOneCm":265720,"stat.animalsBred":1,"stat.useItem.minecraft.chest":3,"stat.pickup.minecraft.diamond_pickaxe":2,"stat.useItem.minecraft.pumpkin":1,"stat.useItem.minecraft.lava_bucket":2,"stat.drop.minecraft.iron_chestplate":1,"stat.pickup.minecraft.stone":124,"stat.craftItem.minecraft.iron_chestplate":2,"stat.pickup.minecraft.ender_pearl":12,"stat.useItem.minecraft.netherrack":4,"stat.killEntity.Skeleton":11,"stat.drop.minecraft.nether_brick":6,"stat.mineBlock.minecraft.stonebrick":1,"stat.killEntity.Chicken":22,"stat.drop.minecraft.crafting_table":1,"stat.killEntity.Spider":10,"stat.mobKills":186,"stat.useItem.minecraft.golden_apple":1,"stat.useItem.minecraft.boat":1,"stat.pickup.minecraft.water_bucket":4,"stat.pickup.minecraft.diamond":19,"stat.mineBlock.minecraft.leaves":19,"stat.pickup.minecraft.torch":6,"stat.mineBlock.minecraft.redstone_ore":2,"stat.drop.minecraft.stone_axe":2,"stat.drop.minecraft.beef":7,"stat.drop.minecraft.arrow":1,"stat.mineBlock.minecraft.stone":322,"stat.useItem.minecraft.sandstone":1}