{"stat.useItem.minecraft.bow":2,"stat.leaveGame":5,"stat.drop.minecraft.gunpowder":1,"stat.craftItem.minecraft.iron_axe":1,"stat.drop.minecraft.redstone":14,"stat.killEntity.Blaze":31,"stat.drop.minecraft.shield":1,"stat.mineBlock.minecraft.sandstone":1,"stat.craftItem.minecraft.ender_eye":9,"stat.useItem.minecraft.mutton":4,"stat.craftItem.minecraft.shield":2,"stat.useItem.minecraft.planks":86,"stat.drop.minecraft.feather":9,"stat.pickup.minecraft.porkchop":41,"stat.useItem.minecraft.water_bucket":9,"stat.drop.minecraft.iron_sword":1,"stat.pickup.minecraft.rotten_flesh":24,"stat.mineBlock.minecraft.nether_brick_fence":3,"stat.craftItem.minecraft.golden_apple":1,"stat.craftItem.minecraft.stone_axe":3,"stat.killEntity.Enderman":3,"stat.craftItem.minecraft.blaze_powder":22,"stat.useItem.minecraft.iron_pickaxe":180,"stat.craftItem.minecraft.wooden_pickaxe":1,"stat.drop.minecraft.cooked_mutton":3,"stat.pickup.minecraft.double_plant":3,"stat.craftItem.minecraft.bed":2,"stat.furnaceInteraction":113,"stat.drop.minecraft.gravel":13,"stat.pickup.minecraft.nether_brick":72,"stat.pickup.minecraft.beef":49,"stat.useItem.minecraft.cooked_mutton":17,"stat.pickup.minecraft.furnace":12,"stat.useItem.minecraft.flint_and_steel":1,"stat.useItem.minecraft.beef":30,"stat.craftItem.minecraft.dark_oak_boat":2,"stat.pickup.minecraft.egg":1,"stat.playOneMinute":142824,"stat.pickup.minecraft.blaze_rod":13,"stat.drop.minecraft.string":7,"stat.useItem.minecraft.nether_brick":66,"stat.craftItem.minecraft.iron_pickaxe":3,"stat.drop.minecraft.torch":9,"stat.drop.minecraft.iron_ingot":8,"stat.craftItem.minecraft.cooked_mutton":25,"stat.mineBlock.minecraft.tallgrass":31,"stat.pickup.minecraft.netherrack":4,"stat.chestOpened":9,"stat.pickup.minecraft.pumpkin":1,"stat.useItem.minecraft.stone":2,"stat.mineBlock.minecraft.netherrack":5,"stat.pickup.minecraft.arrow":6,"stat.drop.minecraft.iron_pickaxe":2,"stat.pickup.minecraft.cooked_chicken":9,"stat.fallOneCm":88621,"stat.drop.minecraft.stone":15,"stat.crouchOneCm":67835,"stat.craftItem.minecraft.iron_ingot":89,"stat.craftItem.minecraft.chest":2,"stat.useItem.minecraft.nether_brick_fence":2,"stat.craftingTableInteraction":61,"stat.pickup.minecraft.nether_brick_fence":3,"stat.drop.minecraft.double_plant":3,"stat.mineBlock.minecraft.log2":40,"stat.pickup.minecraft.feather":18,"stat.drop.minecraft.bone":4,"stat.useItem.minecraft.furnace":14,"stat.pickup.minecraft.dye":31,"stat.pickup.minecraft.planks":24,"stat.pickup.minecraft.wheat_seeds":12,"stat.mineBlock.minecraft.gravel":127,"stat.useItem.minecraft.stone_pickaxe":135,"stat.craftItem.minecraft.iron_leggings":1,"stat.useItem.minecraft.enchanting_table":3,"stat.mineBlock.minecraft.dirt":17,"stat.drop.minecraft.reeds":6,"stat.drop.minecraft.stick":11,"stat.useItem.minecraft.torch":9,"stat.drop.minecraft.rotten_flesh":21,"stat.pickup.minecraft.crafting_table":13,"stat.useItem.minecraft.cobblestone":131,"stat.craftItem.minecraft.crafting_table":10,"stat.useItem.minecraft.gravel":89,"stat.mineBlock.minecraft.double_plant":6,"stat.craftItem.minecraft.boat":1,"stat.pickup.minecraft.log":51,"stat.drop.minecraft.chicken":12,"stat.craftItem.minecraft.gold_ingot":8,"stat.drop.minecraft.planks":10,"stat.drop.minecraft.sapling":2,"stat.pickup.minecraft.chicken":26,"stat.pickup.minecraft.sapling":2,"stat.pickup.minecraft.apple":1,"stat.craftItem.minecraft.bucket":2,"stat.craftItem.minecraft.planks":360,"stat.useItem.minecraft.iron_sword":36,"stat.itemEnchanted":5,"stat.killEntity.WitherSkeleton":4,"stat.mineBlock.minecraft.log":52,"stat.craftItem.minecraft.cooked_chicken":4,"stat.craftItem.minecraft.paper":21,"stat.sneakTime":18937,"stat.pickup.minecraft.wool":20,"stat.craftItem.minecraft.enchanting_table":1,"stat.drop.minecraft.stone_pickaxe":2,"stat.pickup.minecraft.bone":17,"stat.useItem.minecraft.iron_axe":71,"stat.drop.minecraft.stone_shovel":2,"stat.mineBlock.minecraft.cobblestone":13,"stat.mineBlock.minecraft.pumpkin":1,"stat.pickup.minecraft.flint":10,"stat.useItem.minecraft.diamond_sword":434,"stat.swimOneCm":33322,"stat.climbOneCm":241,"stat.craftItem.minecraft.arrow":36,"stat.useItem.minecraft.obsidian":6,"stat.useItem.minecraft.dirt":7,"stat.pickup.minecraft.bow":1,"stat.craftItem.minecraft.furnace":3,"stat.useItem.minecraft.egg":1,"stat.pickup.minecraft.enchanting_table":3,"stat.craftItem.minecraft.iron_boots":1,"stat.craftItem.minecraft.stone_pickaxe":2,"stat.mineBlock.minecraft.obsidian":12,"stat.pickup.minecraft.cobblestone":356,"stat.craftItem.minecraft.bow":2,"stat.useItem.minecraft.stone_shovel":129,"stat.flyOneCm":703569,"stat.pickup.minecraft.sandstone":1,"stat.drop.minecraft.wheat_seeds":11,"stat.pickup.minecraft.redstone":14,"stat.mineBlock.minecraft.iron_ore":97,"stat.craftItem.minecraft.book":7,"stat.timeSinceDeath":142824,"stat.drop.minecraft.spider_eye":2,"stat.pickup.minecraft.mutton":29,"stat.craftItem.minecraft.iron_block":3,"stat.killEntity.Bat":1,"stat.mineBlock.minecraft.enchanting_table":3,"stat.useItem.minecraft.cooked_porkchop":2,"stat.mineBlock.minecraft.coal_ore":64,"stat.mineBlock.minecraft.nether_brick":73,"stat.killEntity.Creeper":1,"stat.pickup.minecraft.string":13,"stat.drop.minecraft.obsidian":2,"stat.sprintOneCm":488635,"stat.drop.minecraft.leather":6,"stat.craftItem.minecraft.stick":52,"stat.useItem.minecraft.bed":3,"stat.mineBlock.minecraft.diamond_ore":11,"stat.pickup.minecraft.grass":1,"stat.mineBlock.minecraft.crafting_table":12,"stat.useItem.minecraft.diamond_pickaxe":302,"stat.useItem.minecraft.ender_eye":12,"stat.useItem.minecraft.bucket":13,"stat.mineBlock.minecraft.planks":1,"stat.drop":87,"stat.killEntity.Sheep":22,"stat.drop.minecraft.blaze_rod":2,"stat.craftItem.minecraft.diamond_pickaxe":1,"stat.killEntity.Zombie":25,"stat.mineBlock.minecraft.gold_ore":8,"stat.diveOneCm":27568,"stat.pickup.minecraft.gravel":102,"stat.craftItem.minecraft.cooked_porkchop":41,"stat.useItem.minecraft.chicken":5,"stat.pickup.minecraft.stone_axe":1,"stat.pickup.minecraft.obsidian":12,"stat.useItem.minecraft.rotten_flesh":2,"stat.drop.minecraft.cooked_porkchop":5,"stat.craftItem.minecraft.diamond_sword":1,"stat.jump":3282,"stat.pickup.minecraft.coal":304,"stat.pickup.minecraft.iron_ingot":4,"stat.useItem.minecraft.dark_oak_boat":2,"stat.useItem.minecraft.stone_axe":104,"stat.pickup.minecraft.gunpowder":1,"stat.pickup.minecraft.spider_eye":3,"stat.craftItem.minecraft.torch":12,"stat.craftItem.minecraft.iron_helmet":1,"stat.pickup.minecraft.dirt":13,"stat.drop.minecraft.bed":1,"stat.useItem.minecraft.cooked_chicken":8,"stat.pickup.minecraft.iron_ore":116,"stat.boatOneCm":113121,"stat.pickup.minecraft.gold_ore":8,"stat.mineBlock.minecraft.lapis_ore":6,"stat.craftItem.minecraft.flint_and_steel":1,"stat.damageTaken":2133,"stat.pickup.minecraft.leather":31,"stat.mineBlock.minecraft.furnace":12,"stat.mineBlock.minecraft.torch":6,"stat.useItem.minecraft.wooden_pickaxe":6,"stat.pickup.minecraft.ender_eye":10,"stat.pickup.minecraft.log2":39,"stat.pickup.minecraft.reeds":29,"stat.drop.minecraft.nether_brick_fence":1,"stat.pickup.minecraft.bed":2,"stat.damageDealt":26012,"stat.sleepInBed":2,"stat.killEntity.Cow":26,"stat.useItem.minecraft.crafting_table":22,"stat.killEntity.Pig":24,"stat.craftItem.minecraft.iron_sword":1,"stat.craftItem.minecraft.stone_shovel":2,"stat.walkOneCm":232261,"stat.animalsBred":1,"stat.useItem.minecraft.chest":2,"stat.useItem.minecraft.pumpkin":1,"stat.useItem.minecraft.lava_bucket":2,"stat.pickup.minecraft.stone":18,"stat.craftItem.minecraft.iron_chestplate":1,"stat.pickup.minecraft.ender_pearl":9,"stat.useItem.minecraft.netherrack":4,"stat.killEntity.Skeleton":10,"stat.drop.minecraft.nether_brick":6,"stat.killEntity.Chicken":22,"stat.drop.minecraft.crafting_table":1,"stat.killEntity.Spider":10,"stat.mobKills":179,"stat.useItem.minecraft.golden_apple":1,"stat.useItem.minecraft.boat":1,"stat.pickup.minecraft.diamond":11,"stat.mineBlock.minecraft.leaves":19,"stat.pickup.minecraft.torch":6,"stat.mineBlock.minecraft.redstone_ore":2,"stat.drop.minecraft.stone_axe":2,"stat.drop.minecraft.beef":7,"stat.mineBlock.minecraft.stone":302,"stat.useItem.minecraft.sandstone":1}